filename	model	plate_text	tag	country
830503.jpg	Porsche 911	399993	None	Bahrain
830510.jpg	Porsche Cayman	257345	None	Bahrain
831502.jpg	Lotus Emira	2979	None	Bahrain
1340559.jpg	Chevrolet Tahoe	287938	None	Bahrain
769019.jpg	Chevrolet Caprice	138998	None	Bahrain
769042.jpg	Toyota Tercel	28328	None	Bahrain
769069.jpg	BMW 3 Series	106228	damaged	Bahrain
1232502.jpg	Nissan Skyline	329853	None	Bahrain
769883.jpg	Toyota Crown	83023	None	Bahrain
769901.jpg	Mercury Grand Marquis	300590	None	Bahrain
769923.jpg	Lexus RX	359502	None	Bahrain
1003919.jpg	Toyota iQ	653037	None	Bahrain
1003936.jpg	Nissan Cedric	165118	None	Bahrain
1003983.jpg	Nissan Patrol	51968	None	Bahrain
1004012.jpg	Toyota Crown	190627	None	Bahrain
1004028.jpg	Toyota Land Cruiser	382899	None	Bahrain
1004035.jpg	Nissan Laurel	73049	None	Bahrain
1004054.jpg	Subaru Impreza WRX STi	32789	transferred/re-issued plate	Bahrain
1004132.jpg	Nissan 200SX	275730	None	Bahrain
1004190.jpg	Nissan Skyline	301125	None	Bahrain
1004217.jpg	Nissan Skyline	582034	None	Bahrain
1004391.jpg	Scion iQ	24109	None	Bahrain
1004412.jpg	Infiniti Q45	306707	None	Bahrain
1004429.jpg	Chevrolet C/K-series	82728	None	Bahrain
1004437.jpg	Chevrolet Caprice	137470	None	Bahrain
886621.jpg	Mitsubishi GTO	93-LD-1231	None	Ireland
1004610.jpg	Ford Granada	94-TN-2243	None	Ireland
1004647.jpg	BMW 3 Series	99-D-8401	cabriolet	Ireland
1004671.jpg	Audi Coupé	93-D-120178	None	Ireland
895907.jpg	SDC Trailers	AS-7284	trailer	Ireland
1120689.jpg	Skoda Octavia	141-D-35898	None	Ireland
996209.jpg	Lada (VAZ) 2107	87-C-2885	None	Ireland
1769921.jpg	Citroёn HY	ZV 45288	vinyl wrapping, oldtimer	Ireland
1769944.jpg	Citroёn HY	ZV 57984	improper parking, oldtimer	Ireland
1005977.jpg	Mazda MX-5/Miata	07-D-40426	cabriolet	Ireland
1005994.jpg	Toyota Corolla	00-CN-3394	tuning	Ireland
1006025.jpg	Alfa Romeo 156	04-W-415	None	Ireland
1059610.jpg	Volkswagen Golf	06-G-12439	non-standard plate, tuning	Ireland
1029572.jpg	Toyota Corolla	91-G-6790	non-standard plate, tuning	Ireland
1029650.jpg	Land Rover Range Rover Sport	231-D-45186	non-standard plate	Ireland
1029652.jpg	Porsche 911	232-D-17482	None	Ireland
957516.jpg	Toyota Land Cruiser Prado	02-CE-5694	non-standard plate	Ireland
1059644.jpg	Ford Focus	161-L-2663	non-standard plate	Ireland
1059700.jpg	Volkswagen Golf	241-D-24258	non-standard plate	Ireland
1059723.jpg	Ford Focus	172-G-2064	non-standard plate	Ireland
1059740.jpg	Mazda Eunos Roadster	92-W-7010	cabriolet, non-standard plate	Ireland
1183637.jpg	Mitsubishi Pajero	04-RN-2211	None	Ireland
1030425.jpg	Honda Accord	91-WH-673	tuning	Ireland
1030465.jpg	Volkswagen Golf	91-G-16864	non-standard plate	Ireland
1007378.jpg	BMW 3 Series	97-D-25019	cabriolet	Ireland
996307.jpg	Mercedes-Benz G-Klasse	LH 48940	Photo is available only for the 	Norway
1030412.jpg	BMW i4	EE 82996	None	Norway
1007306.jpg	Land Rover Discovery	AA 50689	None	Norway
1007317.jpg	Mercedes-Benz Citan	KH 90284	None	Norway
1007331.jpg	Toyota Carina E	ST 10605	None	Norway
1007335.jpg	Renault Clio	CF 76904	None	Norway
1007341.jpg	Toyota Land Cruiser Prado	XV 66492	None	Norway
1007346.jpg	MG Marvel R	EE 19882	Photo is available only for the 	Norway
1007351.jpg	Volvo XC70	BR 28539	None	Norway
1007353.jpg	Volkswagen Polo	AS 32347	Photo is available only for the 	Norway
1007354.jpg	Toyota RAV4	RL 52544	taxicab	Norway
1007391.jpg	Audi Q4 e-tron	EF 10279	None	Norway
1007405.jpg	Toyota Auris	AA 59357	None	Norway
1007416.jpg	Jaguar F-Pace	BT 43288	None	Norway
972404.jpg	Lexus NX	CH 19859	None	Norway
816223.jpg	Skoda Octavia	KH 68012	Photo is available only for the 	Norway
972408.jpg	Toyota HiAce	ZH 21710	Photo is available only for the 	Norway
972429.jpg	BMW X5	BT 92118	None	Norway
972456.jpg	Volkswagen Passat	DR 49108	None	Norway
972486.jpg	Peugeot 308	XK 30060	None	Norway
972509.jpg	BMW X5	HK 18110	None	Norway
1161297.jpg	Skoda Fabia	DL 86430	None	Norway
972655.jpg	SsangYong (KGM) Rexton	JV 30814	None	Norway
1342295.jpg	Nissan Micra	ZE 61026	Photo is available only for the 	Norway
973344.jpg	Toyota Yaris Cross	LY 88480	Photo is available only for the 	Norway
2071059.jpg	Kia Sedona	8217NT	None	USA
2229840.jpg	Ferrari F8	RJB-F8	cabriolet, plate for brand or model of vehicle	USA
973322.jpg	Mazda CX-9	S71-KYD	None	USA
1215816.jpg	BMW 5 Series	BG6-W544	None	USA
1215835.jpg	Toyota 4Runner	TMD 115	None	USA
1215854.jpg	Honda HR-V	VTJ 357	None	USA
889638.jpg	Ford Mustang	GLQ 7432	None	USA
1215867.jpg	Volkswagen Jetta	UCZ 595	None	USA
2071067.jpg	Kia Sorento	FLL-8089	None	USA
2229862.jpg	Ferrari Portofino	RJB-7	cabriolet	USA
1122705.jpg	Subaru Forester	CALI4YA	None	USA
1122716.jpg	Toyota Tacoma	878-BHL	None	USA
1122742.jpg	Tesla Model 3	23KPAP	None	USA
1250548.jpg	Toyota Sienna	UBP 815	None	USA
973865.jpg	Jeep Wrangler	NI 5179	cabriolet	USA
973870.jpg	Toyota Land Cruiser	ACK 5	None	USA
973880.jpg	Land Rover Defender	L29-NSN	None	USA
973888.jpg	Toyota 4Runner	9KW 853	None	USA
973895.jpg	Jeep Liberty	NI 4225	None	USA
973932.jpg	MINI Convertible	EV-3967	cabriolet	USA
973960.jpg	Jeep Wrangler	NI 203	None	USA
1250561.jpg	Chevrolet Express	VSA 530	None	USA
1250574.jpg	Toyota 4Runner	LPS 173	None	USA
1250580.jpg	Ford Focus	6968QP	None	USA
864176.jpg	Ford E-series	IVP 908	None	USA
